epocaAtual;taxaErros;erroQuadrado;taxaAprendizadoAtual;idRede
9215;0.1583629893238434;10581.156313337626;0.001;-123105.63864613228
