epocaAtual;taxaErros;erroQuadrado;taxaAprendizadoAtual;idRede
2777;0.09608540925266904;10588.549507384785;0.001;8933.61141700752
