epocaAtual;taxaErros;erroQuadrado;taxaAprendizadoAtual;idRede
7254;0.17615658362989323;10444.130995857555;0.001;71284.85081134182
