epocaAtual;taxaErros;erroQuadrado;taxaAprendizadoAtual;idRede
4148;0.10587188612099645;10714.05059404114;0.001;-574.486724354178
