epocaAtual;taxaErros;erroQuadrado;taxaAprendizadoAtual;idRede
4825;0.05249110320284697;10892.027931093733;0.001;-2302544.886801501
