epocaAtual;taxaErros;erroQuadrado;taxaAprendizadoAtual;idRede
5705;0.0711743772241993;10867.326447208632;0.001;2616414.46315083
