epocaAtual;taxaErros;erroQuadrado;taxaAprendizadoAtual;idRede
3866;0.07740213523131673;10822.579832256528;0.001;-1095626.720247288
