epocaAtual;taxaErros;erroQuadrado;taxaAprendizadoAtual;idRede
11868;0.24644128113879005;10031.392323602162;0.001;245789.56985699854
