epocaAtual;taxaErros;erroQuadrado;taxaAprendizadoAtual;idRede
5006;0.2277580071174377;10067.834836727818;0.001;173934.22588635734
