epocaAtual;taxaErros;erroQuadrado;taxaAprendizadoAtual;idRede
9272;0.09163701067615658;10926.070634412603;0.001;1216088.267985334
