epocaAtual;taxaErros;erroQuadrado;taxaAprendizadoAtual;idRede
3674;0.05693950177935943;10911.600326597874;0.001;-4466.058764151727
