epocaAtual;taxaErros;erroQuadrado;taxaAprendizadoAtual;idRede
3471;0.04181494661921708;10912.655769051342;0.001;1295.7569186403189
