epocaAtual;taxaErros;erroQuadrado;taxaAprendizadoAtual;idRede
5076;0.04893238434163701;10993.903331183106;0.001;-2997.800488657813
