epocaAtual;taxaErros;erroQuadrado;taxaAprendizadoAtual;idRede
4665;0.04181494661921708;10993.082175603608;0.001;-368795.51239419007
