epocaAtual;taxaErros;erroQuadrado;taxaAprendizadoAtual;idRede
5521;0.03469750889679715;11010.467327778131;0.001;-218840.13983731385
