epocaAtual;taxaErros;erroQuadrado;taxaAprendizadoAtual;idRede
5776;0.045373665480427046;10969.052455131063;0.001;2.2970053756894905E7
