epocaAtual;taxaErros;erroQuadrado;taxaAprendizadoAtual;idRede
4165;0.04092526690391459;11003.95962593388;0.001;5918.046879260472
