epocaAtual;taxaErros;erroQuadrado;taxaAprendizadoAtual;idRede
2173;0.8016014234875445;7485.265446236236;0.001;-14.072469646991422
