epocaAtual;taxaErros;erroQuadrado;taxaAprendizadoAtual;idRede
2003;0.900355871886121;6276.679064786353;0.001;-0.9833824929632646
