epocaAtual;taxaErros;erroQuadrado;taxaAprendizadoAtual;idRede
2001;0.8976868327402135;4229.012867532072;0.001;-0.2573220817732817
