epocaAtual;taxaErros;erroQuadrado;taxaAprendizadoAtual;idRede
2492;0.7927046263345195;7510.436385188663;0.001;-13.971989355204137
