epocaAtual;taxaErros;erroQuadrado;taxaAprendizadoAtual;idRede
7401;0.03825622775800712;1018.2126137077714;0.001;-13789.3691859843
