epocaAtual;taxaErros;erroQuadrado;taxaAprendizadoAtual;idRede
6887;0.06583629893238434;989.0670440989423;0.001;-3344.2348288866488
