epocaAtual;taxaErros;erroQuadrado;taxaAprendizadoAtual;idRede
7400;0.03914590747330961;1020.7082019477054;0.001;-93736.67059376415
