epocaAtual;taxaErros;erroQuadrado;taxaAprendizadoAtual;idRede
7749;0.037366548042704624;1017.5205266795865;0.001;647.9580498852862
