epocaAtual;taxaErros;erroQuadrado;taxaAprendizadoAtual;idRede
6142;0.03469750889679715;1015.2841321947192;0.001;5287.341763318744
