epocaAtual;taxaErros;erroQuadrado;taxaAprendizadoAtual;idRede
10617;0.026690391459074734;1057.6648183369575;0.001;52191.96203270418
