epocaAtual;taxaErros;erroQuadrado;taxaAprendizadoAtual;idRede
6759;0.036476868327402136;1018.8329641305938;0.001;1727.1342865414485
