epocaAtual;taxaErros;erroQuadrado;taxaAprendizadoAtual;idRede
10400;0.04092526690391459;1030.044109807647;0.001;5768816.945910541
