epocaAtual;taxaErros;erroQuadrado;taxaAprendizadoAtual;idRede
6196;0.046263345195729534;1015.3626546791679;0.001;165575.47317299142
