epocaAtual;taxaErros;erroQuadrado;taxaAprendizadoAtual;idRede
6595;0.05782918149466192;995.9162447244115;0.001;-21927.03388314586
