epocaAtual;taxaErros;erroQuadrado;taxaAprendizadoAtual;idRede
2273;0.8069395017793595;7250.608779274387;0.001;-2.081710622443367
