epocaAtual;taxaErros;erroQuadrado;taxaAprendizadoAtual;idRede
2001;0.8976868327402135;4561.18456732267;0.001;0.2205181955830554
