epocaAtual;taxaErros;erroQuadrado;taxaAprendizadoAtual;idRede
2107;0.806049822064057;7424.275614560814;0.001;-7.699499915872732
