epocaAtual;taxaErros;erroQuadrado;taxaAprendizadoAtual;idRede
2620;0.8033807829181495;7555.661610618686;0.001;17.908660044876697
