epocaAtual;taxaErros;erroQuadrado;taxaAprendizadoAtual;idRede
7181;0.7909252669039146;7587.373522226524;0.001;43.408405949608614
