epocaAtual;taxaErros;erroQuadrado;taxaAprendizadoAtual;idRede
7003;0.697508896797153;7973.276716186707;0.001;-49.493769950219765
