epocaAtual;taxaErros;erroQuadrado;taxaAprendizadoAtual;idRede
2922;0.0809608540925267;10808.723420230566;0.01;954.2694949934403
