epocaAtual;taxaErros;erroQuadrado;taxaAprendizadoAtual;idRede
2002;0.5809608540925267;8198.804310058433;0.01349296607466304;-0.0021027600242465535
