epocaAtual;taxaErros;erroQuadrado;taxaAprendizadoAtual;idRede
2398;0.4430604982206406;9263.955559450356;0.01;-0.27756198099561197
