epocaAtual;taxaErros;erroQuadrado;taxaAprendizadoAtual;idRede
6625;0.6663701067615658;264.5123216852174;0.001;-613720.2376474463
