epocaAtual;taxaErros;erroQuadrado;taxaAprendizadoAtual;idRede
2001;0.900355871886121;315.53888463666306;0.001;1.1618739918419992E-15
