epocaAtual;taxaErros;erroQuadrado;taxaAprendizadoAtual;idRede
2001;0.900355871886121;315.2629334299996;0.001;1.1607874552250645E-15
