epocaAtual;taxaErros;erroQuadrado;taxaAprendizadoAtual;idRede
2003;0.8852313167259787;150.89519380062976;0.001;4.923153028598992E-14
