epocaAtual;taxaErros;erroQuadrado;taxaAprendizadoAtual;idRede
2001;0.900355871886121;315.39424550164404;0.001;1.1608961624318892E-15
