epocaAtual;taxaErros;erroQuadrado;taxaAprendizadoAtual;idRede
17920;0.6236654804270463;295.4316176320648;0.001;-4.957253790960278E10
