epocaAtual;taxaErros;erroQuadrado;taxaAprendizadoAtual;idRede
2001;0.900355871886121;315.46568019746945;0.001;1.1613856392468498E-15
