epocaAtual;taxaErros;erroQuadrado;taxaAprendizadoAtual;idRede
2001;0.900355871886121;315.58704844065574;0.001;1.160856135915965E-15
