epocaAtual;taxaErros;erroQuadrado;taxaAprendizadoAtual;idRede
8076;0.030249110320284697;11054.626513879239;0.001;9396601.25291679
