epocaAtual;taxaErros;erroQuadrado;taxaAprendizadoAtual;idRede
3288;0.03113879003558719;10941.90192576674;0.001;211.20595495320407
