epocaAtual;taxaErros;erroQuadrado;taxaAprendizadoAtual;idRede
4317;0.05604982206405694;10978.033813135302;0.001;106576.49868674637
