epocaAtual;taxaErros;erroQuadrado;taxaAprendizadoAtual;idRede
2697;0.09875444839857651;10776.414352329257;0.01;197722.9056517914
