epocaAtual;taxaErros;erroQuadrado;taxaAprendizadoAtual;idRede
2807;0.17704626334519574;10427.342197945281;0.01;1065.426618083658
