epocaAtual;taxaErros;erroQuadrado;taxaAprendizadoAtual;idRede
2264;0.5133451957295374;9079.962142248529;0.010381625147526422;0.13546531322154104
