epocaAtual;taxaErros;erroQuadrado;taxaAprendizadoAtual;idRede
2968;0.4314946619217082;9228.716078452457;0.01;-3.7314728874665524
