epocaAtual;taxaErros;erroQuadrado;taxaAprendizadoAtual;idRede
2080;0.6174377224199288;8760.139352361959;0.012480026572357703;4.8485812982703715E-4
