epocaAtual;taxaErros;erroQuadrado;taxaAprendizadoAtual;idRede
2004;0.4306049822064057;8824.613831777975;0.013465993635479788;-0.05346204292942432
