epocaAtual;taxaErros;erroQuadrado;taxaAprendizadoAtual;idRede
3576;0.18861209964412812;10206.484864759355;0.01;-38.7159250099824
