epocaAtual;taxaErros;erroQuadrado;taxaAprendizadoAtual;idRede
2578;0.0763765541740675;10719.86646074647;0.001;1273.587749714345
