epocaAtual;taxaErros;erroQuadrado;taxaAprendizadoAtual;idRede
5864;0.08170515097690942;10980.380660550823;0.001;-3.165221325053993E7
