epocaAtual;taxaErros;erroQuadrado;taxaAprendizadoAtual;idRede
2466;0.07548845470692718;10708.599278794396;0.001;10269.663314188094
