epocaAtual;taxaErros;erroQuadrado;taxaAprendizadoAtual;idRede
5728;0.25133214920071045;10288.183505806104;0.001;-51208.41191747116
