epocaAtual;taxaErros;erroQuadrado;taxaAprendizadoAtual;idRede
3627;0.06660746003552398;10855.254819154648;0.001;2448654.721721119
