epocaAtual;taxaErros;erroQuadrado;taxaAprendizadoAtual;idRede
8575;0.11101243339253997;11004.724784655793;0.001;-5398128.160220496
