epocaAtual;taxaErros;erroQuadrado;taxaAprendizadoAtual;idRede
2973;0.08703374777975133;10754.736207517553;0.001;-669.7095498912815
