epocaAtual;taxaErros;erroQuadrado;taxaAprendizadoAtual;idRede
4292;0.07726465364120781;10934.044766845438;0.001;-863025.4493820341
