epocaAtual;taxaErros;erroQuadrado;taxaAprendizadoAtual;idRede
3423;0.07460035523978685;10894.031998767512;0.001;-633469.3839419599
