epocaAtual;taxaErros;erroQuadrado;taxaAprendizadoAtual;idRede
6411;0.08081705150976909;10959.305608279228;0.001;-5476351.602543977
