epocaAtual;taxaErros;erroQuadrado;taxaAprendizadoAtual;idRede
6361;0.0498220640569395;11024.21315928293;0.001;3815010.7477359823
