epocaAtual;taxaErros;erroQuadrado;taxaAprendizadoAtual;idRede
8584;0.03825622775800712;11031.201288653232;0.001;407621.1752322622
