epocaAtual;taxaErros;erroQuadrado;taxaAprendizadoAtual;idRede
7413;0.045373665480427046;11030.551196704877;0.001;-1031985.0550817921
