epocaAtual;taxaErros;erroQuadrado;taxaAprendizadoAtual;idRede
5357;0.027580071174377226;11031.511509912976;0.001;-1.8886263753574137E7
