epocaAtual;taxaErros;erroQuadrado;taxaAprendizadoAtual;idRede
4991;0.015124555160142349;11021.171856690153;0.001;-363128.1980002619
