epocaAtual;taxaErros;erroQuadrado;taxaAprendizadoAtual;idRede
6542;0.018683274021352312;11068.020745794196;0.001;-4895503.189273622
