epocaAtual;taxaErros;erroQuadrado;taxaAprendizadoAtual;idRede
5115;0.016903914590747332;11011.023285082409;0.001;1.1448421637501847E7
