epocaAtual;taxaErros;erroQuadrado;taxaAprendizadoAtual;idRede
5481;0.019572953736654804;11042.324393529785;0.001;-7.596294038734053E7
