epocaAtual;taxaErros;erroQuadrado;taxaAprendizadoAtual;idRede
4972;0.018683274021352312;11020.654970053485;0.001;-2050781.6577021761
