epocaAtual;taxaErros;erroQuadrado;taxaAprendizadoAtual;idRede
3601;0.018683274021352312;10950.20222050802;0.001;537834.2769934972
