epocaAtual;taxaErros;erroQuadrado;taxaAprendizadoAtual;idRede
4458;0.017793594306049824;10980.779174512878;0.001;-255540.37105237608
