epocaAtual;taxaErros;erroQuadrado;taxaAprendizadoAtual;idRede
4708;0.02402135231316726;11003.299851932647;0.001;1741091.4674335117
