epocaAtual;taxaErros;erroQuadrado;taxaAprendizadoAtual;idRede
3419;0.021352313167259787;10931.770068301323;0.001;464210.54530213814
