epocaAtual;taxaErros;erroQuadrado;taxaAprendizadoAtual;idRede
2739;0.025800711743772242;10822.920897813152;0.001;4.4308230693553305
