epocaAtual;taxaErros;erroQuadrado;taxaAprendizadoAtual;idRede
4262;0.02224199288256228;11005.215789276102;0.001;129.32332487414962
