epocaAtual;taxaErros;erroQuadrado;taxaAprendizadoAtual;idRede
4517;0.03113879003558719;11000.26820047887;0.001;3643.262260752459
