epocaAtual;taxaErros;erroQuadrado;taxaAprendizadoAtual;idRede
4886;0.023131672597864767;11022.708101783866;0.001;6033.559088225258
