epocaAtual;taxaErros;erroQuadrado;taxaAprendizadoAtual;idRede
5490;0.017793594306049824;11037.031461680253;0.001;-185945.1276535614
