epocaAtual;taxaErros;erroQuadrado;taxaAprendizadoAtual;idRede
2652;0.02402135231316726;10800.818120834741;0.001;29.675946710343037
