epocaAtual;taxaErros;erroQuadrado;taxaAprendizadoAtual;idRede
5212;0.018683274021352312;11054.295072954248;0.001;115.65464180194948
