epocaAtual;taxaErros;erroQuadrado;taxaAprendizadoAtual;idRede
3350;0.021352313167259787;10950.900581280921;0.001;414.7957215226905
