epocaAtual;taxaErros;erroQuadrado;taxaAprendizadoAtual;idRede
3887;0.010676156583629894;10974.751618581051;0.001;-493.6270336918915
