epocaAtual;taxaErros;erroQuadrado;taxaAprendizadoAtual;idRede
4516;0.02224199288256228;10993.914368287298;0.001;-2.2847392940217865
