epocaAtual;taxaErros;erroQuadrado;taxaAprendizadoAtual;idRede
2600;0.03202846975088968;1072.149504790002;0.01;1.1022014681059767E7
