epocaAtual;taxaErros;erroQuadrado;taxaAprendizadoAtual;idRede
2498;0.046263345195729534;1068.8243892992944;0.01;-3706539.824629138
