epocaAtual;taxaErros;erroQuadrado;taxaAprendizadoAtual;idRede
2496;0.030249110320284697;1071.3772773231017;0.01;-3.1907539855546945E8
