epocaAtual;taxaErros;erroQuadrado;taxaAprendizadoAtual;idRede
2130;0.045373665480427046;1003.6360087980057;0.011871071515675156;-6.521360900110676E8
