epocaAtual;taxaErros;erroQuadrado;taxaAprendizadoAtual;idRede
2154;0.025800711743772242;1042.8615129731697;0.011589418313627567;-1116903.0894731074
