epocaAtual;taxaErros;erroQuadrado;taxaAprendizadoAtual;idRede
2382;0.0400355871886121;1061.207339109746;0.01;-397845.74461580126
