epocaAtual;taxaErros;erroQuadrado;taxaAprendizadoAtual;idRede
2557;0.03291814946619217;1066.9797167769411;0.00999;1.104369380037589E8
