epocaAtual;taxaErros;erroQuadrado;taxaAprendizadoAtual;idRede
2329;0.04181494661921708;1047.4970775529005;0.01;-5387174.485358921
