epocaAtual;taxaErros;erroQuadrado;taxaAprendizadoAtual;idRede
2866;0.027580071174377226;1083.2692487294114;0.01;1.782585307574473E7
