epocaAtual;taxaErros;erroQuadrado;taxaAprendizadoAtual;idRede
2604;0.021352313167259787;1077.4850787579542;0.01;-2.1293103584343016E9
