epocaAtual;taxaErros;erroQuadrado;taxaAprendizadoAtual;idRede
3925;0.027580071174377226;1084.7130586051605;0.01;-3.594231023447905E10
