epocaAtual;taxaErros;erroQuadrado;taxaAprendizadoAtual;idRede
4194;0.0693950177935943;10891.202792689053;0.001;3084877.1679410674
