epocaAtual;taxaErros;erroQuadrado;taxaAprendizadoAtual;idRede
5578;0.07473309608540925;10955.52327246846;0.001;-781689.725314707
