epocaAtual;taxaErros;erroQuadrado;taxaAprendizadoAtual;idRede
4393;0.05871886120996441;10911.278315073881;0.001;93048.4780123422
