epocaAtual;taxaErros;erroQuadrado;taxaAprendizadoAtual;idRede
7978;0.04359430604982206;10984.213693190348;0.001;-4.059037535902872E7
