epocaAtual;taxaErros;erroQuadrado;taxaAprendizadoAtual;idRede
3306;0.027580071174377226;10900.20984001249;0.001;17629.17496383441
