epocaAtual;taxaErros;erroQuadrado;taxaAprendizadoAtual;idRede
3517;0.054270462633451956;10879.310232600827;0.001;-62128.44745383691
