epocaAtual;taxaErros;erroQuadrado;taxaAprendizadoAtual;idRede
3190;0.07295373665480427;10736.431242828117;0.001;10487.654964863936
